"Country Name","Country Code","Indicator Name","Indicator Code","1999","2000","2001","2002","2003","2004","2005","2006","2007","2008","2009","2010","2011","2012","2013","2014","2015","2016","2017","2018",
"Developing Countries","DEV","GDP growth, constant 2010 USD","NYGDPMKTPKDZ","","","3.52598455179","4.98308317595","5.69124465613","7.74776589285","6.78240767331","8.00200760998","8.65004114659","6.04144761011","3.66592890664","7.96171469361","6.34056679408","5.12687975282","5.32320792305","4.89994677567","4.26094114008","4.76347378275","5.28566938649","5.34219222677",
"East Asia & Pacific","EAP","GDP growth, constant 2010 USD","NYGDPMKTPKDZ","","","6.68407251808","7.84447695387","8.71669320898","8.89401779676","9.66058464155","10.73548944613","12.13719387496","8.54889269379","7.55265653333","9.77802225574","8.43869437603","7.43343564354","7.14666045815","6.76533264412","6.43312876915","6.33932251208","6.16310376375","6.21186027673",
"Euro Area","E19","GDP growth, constant 2010 USD","NYGDPMKTPKDZ","","","2.11559078888","0.95339208131","0.67796866431","2.03880242766","1.76562892633","3.34887800462","3.01210801605","0.34979813283","-4.5201565005","1.98057272613","1.68276993231","-0.75492277186","-0.23240765042","0.87519671331","1.4609191847","1.70511526902","1.66535418505","1.56039271604",
"Europe & Central Asia","ECA","GDP growth, constant 2010 USD","NYGDPMKTPKDZ","","","0.43297980823","6.13611535561","6.27173004136","9.37594780753","7.58507560932","7.98872474859","6.74501280299","3.41813488887","-4.44208424609","6.29407905315","6.45535022227","2.17797805247","3.91154612692","2.29918558477","2.12302950024","2.98614307174","3.46935616083","3.50459476227",
"High Income Countries","HIY","GDP growth, constant 2010 USD","NYGDPMKTPKDZ","","","1.57055279789","1.48446127205","2.24593747313","3.43788217605","2.95329381551","3.34399898202","2.96482010534","0.49693426101","-3.50762855886","2.99232404403","1.98543379736","1.40882041734","1.24383282135","1.67129987354","1.64805427374","2.05745363701","2.06228412548","2.05491114025",
"Latin America & Caribbean","LAC","GDP growth, constant 2010 USD","NYGDPMKTPKDZ","","","0.78066412298","2.23090952761","1.68454328222","5.10727384072","3.78949846022","4.76782961926","5.35480149579","4.004457055","-1.16294276971","6.40724557435","4.34520814961","2.93277512507","3.00284809773","1.46766335252","-0.72749847374","0.10994971474","2.29548196402","2.4710458474",
"Middle East & N. Africa","MNA","GDP growth, constant 2010 USD","NYGDPMKTPKDZ","","","2.91370219701","4.09659530748","4.09861138856","6.04882216661","1.99238590744","5.50511543144","5.69109852194","3.38635579761","3.99444632941","5.01528817812","0.10080670596","1.4135610099","0.57007180336","2.48017731676","2.4796792662","5.06986920517","5.82598392047","5.11148433516",
"South Asia","SAS","GDP growth, constant 2010 USD","NYGDPMKTPKDZ","","","4.37338612047","3.96362969193","7.44501931091","7.67783951634","7.78460837619","8.55789888425","8.55456115063","5.06108044976","6.66455902319","8.739000006","7.0412912964","5.50502584024","6.1566672673","6.84467794295","6.98539440717","7.32525031297","7.51576858808","7.54343377207",
"Sub-Saharan Africa","SST","GDP growth, constant 2010 USD","NYGDPMKTPKDZ","","","3.72293480763","3.64016764175","4.92811916625","11.46361872053","5.49243811494","6.95935486347","7.01718379139","6.40993923642","3.0341578739","5.65291234034","4.20621514313","3.60792933318","4.85268316582","4.60862026237","3.40829665965","4.17539109171","4.6732820827","4.7249494807",
"World (WBG members)","WLT","GDP growth, constant 2010 USD","NYGDPMKTPKDZ","","","1.9569236155","2.1863879812","2.95608364564","4.3498419668","3.78990268432","4.39106331948","4.28700549424","1.84031270999","-1.69783249635","4.31444896776","3.18464592423","2.46391802959","2.43154903399","2.63786315238","2.44751856713","2.90006919522","3.08417316869","3.11932423362",
"Afghanistan","AFG","GDP growth, constant 2010 USD","NYGDPMKTPKDZ","","","20.06407524379","16.71113961695","14.31837583953","9.43875753556","14.51571610911","11.18704253727","11.13201428897","3.4","20.4","8.4","6.1","14.4","2","1.3","1.9","3.1","3.9","5",
"Albania","ALB","GDP growth, constant 2010 USD","NYGDPMKTPKDZ","","","6.99999998459","2.90000000002","5.70000000195","5.90000001342","5.49991193261","5.00001021453","5.90010389631","7.53629898273","3.35423931224","3.70690567185","2.54535948879","1.62369860075","1.41742327835","2.02","2.7","3.4","3.5","3.5",
"Algeria","DZA","GDP growth, constant 2010 USD","NYGDPMKTPKDZ","","","4.61252374169","5.6","7.2","4.3","5.98499149899","1.69999999833","3.39999999839","2.4","1.59998","3.60017","2.9","3.4","2.8","3.8","2.8","3.9","4","3.8",
"Angola","AGO","GDP growth, constant 2010 USD","NYGDPMKTPKDZ","","","4.22096515556","13.82179251229","5.24756962371","10.87946505939","18.26147368436","20.73512488279","22.59305429914","13.81714580876","2.41286969254","3.40765479392","3.9185969858","5.15544054479","6.80005848161","3.90126512803","3.03777153913","3.30604574519","3.81676217754","3.83120900815",
"Antigua and Barbuda","ATG","GDP growth, constant 2010 USD","NYGDPMKTPKDZ","","","-3.19424189289","2.92425143016","5.9136314247","5.28642014861","6.08322843204","13.37640018502","9.49894448016","0.07111102053","-12.03601505762","-7.14299133491","-1.79343560355","4.01954183888","-0.07136385069","3.22150523703","2.0111","2.42237","2.73491","2.73491",
"Argentina","ARG","GDP growth, constant 2010 USD","NYGDPMKTPKDZ","","","-4.40883969596","-10.89448481149","8.83704077567","9.02957332126","9.22632109022","8.37524820596","7.96557280921","3.07494495447","0.05002371657","9.45157751053","8.38645078019","0.80176087292","2.88535114003","0.45360449715","1.65975249135","0.66925939221","1.92679722135","2.99640782606",
"Armenia","ARM","GDP growth, constant 2010 USD","NYGDPMKTPKDZ","","","9.55664149553","13.18630053207","14.04079505596","10.467841864","13.86571124982","13.19800351548","13.74920195862","6.90000000168","-14.14998864009","2.19999999915","4.69999999862","7.20000000328","3.3","3.5","2.5","2.2","2.8","3",
"Australia","AUS","GDP growth, constant 2010 USD","NYGDPMKTPKDZ","","","2.57446302925","3.99657253225","3.02083640856","4.03579461084","3.21423652701","2.65455665871","4.51993023355","2.6711075837","1.57466788823","2.25007624805","2.72170486473","3.60047368678","2.44","2.5","2.187","2.5","2.75","3",
"Austria","AUT","GDP growth, constant 2010 USD","NYGDPMKTPKDZ","","","1.35051204279","1.65586707198","0.7561487215","2.70572835577","2.14071809148","3.35082544397","3.62147745664","1.54729405304","-3.79909968911","1.88011765941","3.07142581677","0.88384619702","0.22802138137","0.30072758855","0.7","1.5","1.6","1.5",
"Azerbaijan","AZE","GDP growth, constant 2010 USD","NYGDPMKTPKDZ","","","9.9","10.59999920157","11.20000023715","10.2000003983","26.40000092886","34.49999951029","25.04900029167","10.77242179826","9.41065228851","4.85433866348","0.06592276427","2.2000003027","5.79667752251","2.82088864695","1.96641774285","0.77256562998","1.20614829112","2.66505671656",
"Bahamas","BHS","GDP growth, constant 2010 USD","NYGDPMKTPKDZ","","","2.62562712099","2.70462951253","-1.26474462879","0.88288423258","3.39529266954","2.51686384101","1.44652221531","-2.32393724789","-4.17525917523","1.53877885334","0.61290259575","2.21731297852","0.02203019656","1.02278610479","2.1069","2","1.7","1.7",
"Bahrain","BHR","GDP growth, constant 2010 USD","NYGDPMKTPKDZ","","","2.4909481083","3.34855066794","6.29644197869","6.9809605943","6.76899787107","6.467000122","8.2939604476","6.24183648157","2.54051511882","4.33677626417","2.10028971297","3.58870457136","5.40863527456","4.48594246356","2.5","2.7","2.7","2.8",
"Bangladesh","BGD","GDP growth, constant 2010 USD","NYGDPMKTPKDZ","","","3.83317993998","4.73956739916","5.23950811486","6.53594648046","6.67193608756","7.05859181444","6.01377039377","5.04512571577","5.57180324288","6.46438494528","6.52145155903","6.01361059194","6.11620962698","6.45460490344","6.5","6.7","6.8","6.8",
"Barbados","BRB","GDP growth, constant 2010 USD","NYGDPMKTPKDZ","","","-2.36733875013","0.79112298366","2.17125382263","1.40676444178","3.96497441952","5.66859089619","1.76428443489","0.39602217724","-4.03225806452","0.2557544757","0.75619533528","0.28031467583","-0.03606853021","0.20746887967","0.49285","1.37689","2.03192","2.03192",
"Belarus","BLR","GDP growth, constant 2010 USD","NYGDPMKTPKDZ","","","4.72530600626","5.04526731762","7.04319267516","11.44974292701","9.4","10","8.60000000014","10.2000000001","0.20000000004","7.74078121556","5.543711461","1.73139122339","1.07360080128","1.58780161919","-3.4656","-0.5","0.9643","0.9643",
"Belgium","BEL","GDP growth, constant 2010 USD","NYGDPMKTPKDZ","","","0.91253087396","1.55927850589","0.88891131366","3.43341452795","1.90361068843","2.63084446032","2.99145531582","0.95137755668","-2.61615361075","2.50057075326","1.62751392073","0.08972864819","0.28517404118","1.0588480083","1.30231","1.52313","1.613","1.51321",
"Belize","BLZ","GDP growth, constant 2010 USD","NYGDPMKTPKDZ","","","5.01566299906","5.11855944292","9.32924870285","4.64808729598","2.57800880891","4.58160036995","1.10558612732","3.22910131622","0.71325072826","3.32387112432","2.10395080383","3.82474878288","1.52567527319","3.57303649821","3.00922903329","2.49306632603","2.60014449846","2.82529442974",
"Benin","BEN","GDP growth, constant 2010 USD","NYGDPMKTPKDZ","","","6.24841054712","4.42111434289","3.88250834528","3.11985710404","2.86523714807","3.75215448367","4.62639646794","5.01463907359","2.66322313343","2.61148673016","3.2637184167","5.3958902958","5.64014996802","5.36909764911","5.70722034012","5.30843582569","5.07328399991","5.08616723541",
"Bhutan","BTN","GDP growth, constant 2010 USD","NYGDPMKTPKDZ","","","6.74","9.516","9.118","6.748","6.527","6.981","12.571","10.752","5.722","9.327","10.069","3.6","3.9","6.3","6.8","7.2","5.6","6",
"Bolivia","BOL","GDP growth, constant 2010 USD","NYGDPMKTPKDZ","","","1.68379903413","2.48556581528","2.71133983215","4.17329556102","4.42143309991","4.79700886917","4.56438426888","6.14849787462","3.35699957431","4.12672259106","5.17393042081","5.10785175371","6.84246673252","5.48710621742","3.97650760562","3.51440812276","3.40748507467","3.39827152907",
"Bosnia and Herzegovina","BIH","GDP growth, constant 2010 USD","NYGDPMKTPKDZ","","","4.4","5.3","4","6.1","5","6.2","6.838","5.42","-2.91","0.8","1","-1.2","2.5","0.8","1.9","2.3","3.1","3.5",
"Botswana","BWA","GDP growth, constant 2010 USD","NYGDPMKTPKDZ","","","0.25057386672","6.06953086765","4.62589479192","2.70582173664","4.55664700946","7.9595321838","8.68234108778","6.24530386391","-7.65216979347","8.56325545505","6.04854805058","4.83138826935","9.32243504134","4.42106355302","2.99366823069","4.01982110191","4.16222717827","4.16311517318",
"Brazil","BRA","GDP growth, constant 2010 USD","NYGDPMKTPKDZ","","","1.29223088924","3.0422472043","1.23592751362","5.6475607437","3.73922424969","4.03149091584","6.09789558426","5.07072294422","-0.06593279913","7.52412698686","3.92646803852","1.88597297204","3.00217591607","0.1257007396","-3.74246369205","-2.46141191392","1.37253320223","1.53200002617",
"Bulgaria","BGR","GDP growth, constant 2010 USD","NYGDPMKTPKDZ","","","4.24807324394","6.01797843953","5.07752650029","6.55560421972","9.03343842151","6.75326038334","7.67520952736","5.64705060609","-4.21971854548","0.05452003593","1.58403043375","0.23710002636","1.28184011165","1.54882922665","2.93719446077","2.16838145005","2.68509454084","2.68423170385",
"Burkina Faso","BFA","GDP growth, constant 2010 USD","NYGDPMKTPKDZ","","","6.61339955513","4.35300432287","7.80243989822","4.47847434867","8.6730509797","6.25315860358","5.65500511828","7.29449815007","2.96201437139","8.44632518323","6.52176944828","6.45267475359","6.66935774791","4.04976089787","4.39923009898","5.99278106284","6.98099121046","6.98543803247",
"Burundi","BDI","GDP growth, constant 2010 USD","NYGDPMKTPKDZ","","","2.05580710931","4.44651941891","-1.22372795924","4.83365776165","0.90000000286","5.38465739821","4.78583195089","5.04811878328","3.468425425","3.78590254312","4.19162568095","4.01936552951","4.59405421823","4.66091818447","-2.29961582008","3.48286200246","4.77834319017","4.76989366472",
"Cambodia","KHM","GDP growth, constant 2010 USD","NYGDPMKTPKDZ","","","8.03863162927","6.68788084783","8.5058987891","10.34052872688","13.25008555709","10.77108716268","10.21257180781","6.69157747471","0.08669695927","5.96307857539","7.06956994589","7.3133455053","7.35666514888","7.03170955606","6.93183","6.92717","6.82463","6.82463",
"Cameroon","CMR","GDP growth, constant 2010 USD","NYGDPMKTPKDZ","","","4.51427108688","4.00904457129","4.03099331565","3.70185405379","2.2968529375","3.22400298454","3.25566486118","2.88404601223","1.93185014435","3.26864849862","4.14059077845","4.58873928089","5.56168753496","5.88629521675","6.29126731238","6.45034414821","6.47928400584","6.36535470957",
"Canada","CAN","GDP growth, constant 2010 USD","NYGDPMKTPKDZ","","","1.68845126016","2.8018680611","1.92531746061","3.13885938937","3.16312744442","2.62177993307","2.00830970795","1.17536166079","-2.71140802345","3.37418715683","2.96010247547","1.92286357635","2.00350823262","2.43930610759","1.2","1.9","2.3","2.4",
"Cape Verde","CPV","GDP growth, constant 2010 USD","NYGDPMKTPKDZ","","","2.23165449285","5.25089124614","4.17625930175","10.19707260914","6.92346999823","7.98375044705","15.17068796854","6.6505205226","-1.27040367456","1.46691270935","3.96878381178","1.08191831071","1.0452440226","1.81400041348","2.92278700349","3.46210869672","4.1180631651","4.14418498304",
"Chad","TCD","GDP growth, constant 2010 USD","NYGDPMKTPKDZ","","","11.65813465429","8.49120981898","14.7216670121","33.62937185247","17.33253373508","0.64826201409","3.27149957889","3.05269153197","4.2176955519","13.55010085955","0.08286979844","8.8825760717","5.70000136286","7.30000071306","4.12750353785","4.91786960164","6.08879313184","6.52775459262",
"Chile","CHL","GDP growth, constant 2010 USD","NYGDPMKTPKDZ","","","3.34818039062","2.16690863386","3.95674848147","6.79701354319","7.13266354159","5.65949411281","5.20740069458","3.29415970026","-1.03922895499","5.80673166904","5.79909665127","5.51263046373","4.18387213315","1.8759481549","2.14200414936","2.42117647588","2.85688999163","3.0899146365",
"China","CHN","GDP growth, constant 2010 USD","NYGDPMKTPKDZ","","","8.29837441007","9.09090909091","10.01997336884","10.0756429652","11.35239173332","12.68822510446","14.1949616724","9.6233769186","9.23354603856","10.63170811598","9.48451067432","7.75029402947","7.68382005402","7.31643829402","6.89451032965","6.7190171355","6.45436901025","6.4758380618",
"Colombia","COL","GDP growth, constant 2010 USD","NYGDPMKTPKDZ","","","1.6778983077","2.5039804655","3.91827190361","5.33302206745","4.70655593383","6.69751525771","6.90062765541","3.54680488578","1.65154924529","3.97180070474","6.58951151557","4.04394380637","4.93628950051","4.55250099165","3.12976125453","2.96094941048","3.33986606267","3.54016728318",
"Comoros","COM","GDP growth, constant 2010 USD","NYGDPMKTPKDZ","","","11.84824680112","2.32477925914","2.10410195294","1.91960237946","2.84800003809","2.64759623483","0.79973691396","0.39999996842","1.94999997781","2.19999998173","2.60000008818","2.99999997193","3.49999995659","3.00366028779","2.31391727882","2.46100021023","3.09776884603","3.09535342647",
"Congo, Dem. Rep.","ZAR","GDP growth, constant 2010 USD","NYGDPMKTPKDZ","","","-2.10017302489","2.9477651836","5.57782231144","6.73837393324","6.13515115549","5.32098105754","6.2594698472","6.2259002861","2.85506010709","7.07888942275","6.86463002774","7.15785962797","8.50350331668","9.04659616077","7.96970980593","8.56935971372","9.00264005236","9.0026399564",
"Congo, Rep.","COG","GDP growth, constant 2010 USD","NYGDPMKTPKDZ","","","3.80260190016","4.58187006146","0.81326407472","3.47663162278","7.75575856914","6.2359970127","-1.58222404941","5.57226491777","7.46887883618","8.75165712677","3.42062111507","3.79999621719","3.44070559759","6.5462017268","1.29274208288","3.46423728793","5.58825638632","5.59230245025",
"Costa Rica","CRI","GDP growth, constant 2010 USD","NYGDPMKTPKDZ","","","1.07639631703","2.902185091","6.40451078322","4.2594527736","5.88637731275","8.77964095891","7.93534051474","2.73162042159","-1.01571886151","4.95432052678","4.51774647381","5.16758277848","3.43727397081","3.50235223125","2.821344961","3.97442628513","4.1681618515","4.390174443",
"Cote d'Ivoire","CIV","GDP growth, constant 2010 USD","NYGDPMKTPKDZ","","","0.12137191547","-1.66764213833","-1.35953594246","1.23177283969","1.7317246768","1.51584236367","1.76503678378","2.54284147623","3.25145371883","2.01763859205","-4.38725984207","10.71033485108","9.17383561587","8.53706069935","8.41892166235","8.26357961019","8.01172908517","7.95408808591",
"Croatia","HRV","GDP growth, constant 2010 USD","NYGDPMKTPKDZ","","","3.43448088175","5.24640197858","5.55807533383","4.08262002233","4.16399847873","4.78519068676","5.15008294096","2.05311067935","-7.38365300022","-1.70113688803","-0.28136726812","-2.1875897994","-1.06387633531","-0.36043947713","1","1.4","1.7","2",
"Cyprus","CYP","GDP growth, constant 2010 USD","NYGDPMKTPKDZ","","","3.57785815074","3.21782565805","2.78982978853","4.37814543147","4.57236652218","4.51692827096","4.89221751872","3.61972408141","-2.04084078326","1.38972144404","0.26182748344","-2.38338788871","-5.35717587884","-2.25608961834","0.45","1.4","1.7","1.6",
"Czech Republic","CZE","GDP growth, constant 2010 USD","NYGDPMKTPKDZ","","","3.03999607631","1.56078155058","3.59913539161","4.79046838054","6.51445447315","7.07041731709","5.51453917148","2.53913962678","-4.70044404759","2.14085360604","1.97303857357","-0.82312412841","-0.53261330422","1.98018979828","4","2.5","2.9","2.9",
"Denmark","DNK","GDP growth, constant 2010 USD","NYGDPMKTPKDZ","","","0.82321613668","0.46635733737","0.39003229881","2.63895105108","2.43697243973","3.79680044218","0.82447121168","-0.71800878477","-5.08793606054","1.62507641735","1.15225435994","-0.65528069285","-0.48620958466","1.08841956498","1.5","1.9","2","2.1",
"Djibouti","DJI","GDP growth, constant 2010 USD","NYGDPMKTPKDZ","","","2.04776437491","2.61856239793","3.19995932751","3.82647608789","3.16960115601","4.79986468267","5.10006138735","5.79996261857","4.99950314125","3.5","4.5","4.8","5","6","6.5","7","7.1","7",
"Dominica","DMA","GDP growth, constant 2010 USD","NYGDPMKTPKDZ","","","0.04470609901","-3.12797523693","4.78566932883","1.26537430572","-0.65844704526","3.74512981918","4.38338602254","6.92282402648","-0.81710947235","0.74361166843","1.02932616782","-1.0771784374","1.69817947811","3.42266741709","-3","4","2","2",
"Dominican Republic","DOM","GDP growth, constant 2010 USD","NYGDPMKTPKDZ","","","1.80922948836","5.78820731627","-0.25335880985","1.3119582199","9.26275007449","10.67115484068","8.47462478045","3.08264954663","0.95794032406","8.29179154563","2.83491527117","2.62478272565","4.78940735979","7.34765847439","5.56698510557","4.59626206595","3.80088174603","3.88420717537",
"Ecuador","ECU","GDP growth, constant 2010 USD","NYGDPMKTPKDZ","","","4.01562989958","4.09677665885","2.72287733695","8.21102091734","5.29130826699","4.40352643383","2.19006397225","6.35713059991","0.5664915921","3.52529866894","7.86814091911","5.62990935023","4.58420965482","3.67606511186","-0.56256252303","-2.00142367394","-0.00698765736","0.50066691276",
"Egypt, Arab Rep.","EGY","GDP growth, constant 2010 USD","NYGDPMKTPKDZ","","","3.53522567763","2.37048910032","3.1934547374","4.09207161125","4.47174447174","6.84383819379","7.08782742681","7.15220293936","4.68504060212","5.13898583216","1.82184437597","2.19184690488","2.10913582818","2.20000000784","4.2","3.8","4.4","4.8",
"El Salvador","SLV","GDP growth, constant 2010 USD","NYGDPMKTPKDZ","","","1.70893639623","2.34082274763","2.30003827019","1.85053558291","3.56281450102","3.91194864459","3.83976517703","1.27422730111","-3.13304628167","1.36478366727","2.2168356104","1.8809554607","1.84728673149","1.951944153","2.42099814554","2.51265937228","2.64694978328","2.76917267064",
"Equatorial Guinea","GNQ","GDP growth, constant 2010 USD","NYGDPMKTPKDZ","","","63.37987542573","19.46283403349","13.95525031886","37.998726856","16.74870356195","-4.81154651112","13.12194782166","12.26127589826","-8.0619527254","-1.30013172105","4.99598428467","3.22021044933","-4.84489608635","-3.10735887578","-9.33430665874","2.2711219294","-0.40462831891","-0.19576326166",
"Eritrea","ERI","GDP growth, constant 2010 USD","NYGDPMKTPKDZ","","","8.75543631333","3.00542865064","-2.65551536422","1.45173436254","2.57444960123","-0.96921637283","1.42682175034","-9.78302974626","3.87650192032","2.19418976921","8.67980038573","7.01710885197","1.33225208526","1.70344117983","0.90234426782","1.95595416099","2.15835051502","2.15832313931",
"Estonia","EST","GDP growth, constant 2010 USD","NYGDPMKTPKDZ","","","6.35871356595","6.21142761008","7.60720955049","6.15911432711","9.14275239582","10.3","7.7","-5.4","-14.7","2.5","7.6","5.2","1.6","2.89572","2","3","3.5","3.5",
"Ethiopia","ETH","GDP growth, constant 2010 USD","NYGDPMKTPKDZ","","","8.30130633436","1.51472567973","-2.16135971592","13.57260313133","11.81881067997","10.83472707306","11.45616698967","10.78852168589","8.80255319321","12.5505383289","11.17829624426","8.64781105296","10.49043607255","9.93605966301","10.1677860133","10.24486814101","8.99236168119","8.99441356963",
"Fiji","FJI","GDP growth, constant 2010 USD","NYGDPMKTPKDZ","","","2","3.2","1","5.3","0.7","1.8439356009","-0.85082246152","1.03252102951","-1.27236757128","3","2.7","1.8","4.6","4.3","4","3.5","3.1","3",
"Finland","FIN","GDP growth, constant 2010 USD","NYGDPMKTPKDZ","","","2.58145728039","1.68033545045","1.99399617939","3.92608051943","2.78054306409","4.05464079356","5.18536350506","0.72066848741","-8.26903655827","2.9923375022","2.57081774452","-1.4261893596","-1.12119594234","-0.40470029724","-0.1","1.1","1.6","1.5",
"France","FRA","GDP growth, constant 2010 USD","NYGDPMKTPKDZ","","","1.92808116812","1.13036208216","0.80712316835","2.59585189077","1.63703654329","2.56140400187","2.31011813473","0.09082422363","-2.85403057667","1.87815270092","2.09510074911","0.21502001099","0.74625696924","0.17114303924","1.13517","1.385456","1.5","1.4",
"Gabon","GAB","GDP growth, constant 2010 USD","NYGDPMKTPKDZ","","","2.1316736253","-0.24903316854","2.2473300115","0.68954305846","3.9007054656","-3.63463743421","6.48662008877","-3.03019169658","-1.19585953508","7.44145313595","6.32649571866","6.50258637837","4.3458529858","4.30000193884","4.119216664","5.10708180675","5.26001904439","5.29560427924",
"Gambia, The","GMB","GDP growth, constant 2010 USD","NYGDPMKTPKDZ","","","5.80000023582","-3.25000030727","6.86999980286","7.04999993441","-8.79614712848","1.12410106405","3.63102606094","5.73464144846","6.44969525671","6.52463257793","-4.3286805988","5.8622277035","4.80216498095","-0.20099731264","3.9536296142","4.50353155288","5.2603214994","5.2988825329",
"Georgia","GEO","GDP growth, constant 2010 USD","NYGDPMKTPKDZ","","","4.80544357807","5.47384484867","11.05810255217","5.85733703465","9.59963381914","9.38327962261","12.34399293036","2.31405623285","-3.77577083823","6.25303325999","7.19999356609","6.40000591352","3.31993615559","4.79998089168","2.5","3","4.5","5",
"Germany","DEU","GDP growth, constant 2010 USD","NYGDPMKTPKDZ","","","1.84321223709","0.0162711525","-0.73333416762","0.70345297077","0.87797265099","3.87926220387","3.38317570931","0.80540480161","-5.56527786269","3.94542519229","3.71781796666","0.61325056577","0.40621747742","1.58040212206","1.53352","1.70213","1.6","1.5",
"Ghana","GHA","GDP growth, constant 2010 USD","NYGDPMKTPKDZ","","","4","4.49999969929","5.19999998394","5.59999998982","5.90000425051","6.39991241856","4.3485699011","9.14777850643","4.84512190792","7.89797647292","14.04843129988","9.29349211871","7.31250963932","3.98579327696","3.39909940754","5.86430005356","8.15306700605","8.15306910838",
"Greece","GRC","GDP growth, constant 2010 USD","NYGDPMKTPKDZ","","","3.60953712562","3.14235996611","6.53789589144","4.88414073934","1.13303224784","5.74489014241","3.38216348153","-0.43795387948","-4.3604139674","-5.33692361727","-8.86572438163","-6.62052654027","-3.98094130836","0.69027773273","-2.1","-0.9","0.8","1.6",
"Guatemala","GTM","GDP growth, constant 2010 USD","NYGDPMKTPKDZ","","","2.33254429128","3.86663836307","2.53083795523","3.1520305128","3.26016269226","5.37973392834","6.30407214476","3.28109531186","0.52603775424","2.86948144909","4.16205100097","2.96983261616","3.69760429756","4.24975523557","3.7243361153","3.64604985067","3.54850892073","3.58217887677",
"Guinea","GIN","GDP growth, constant 2010 USD","NYGDPMKTPKDZ","","","3.65834647102","5.16460946578","1.24860125991","2.34011731265","2.9972879429","2.49672856894","1.75768235072","4.93693270869","-0.28019228632","1.93621742315","3.90876241639","3.94411130585","2.29999903988","-0.30000965155","0.43046846896","3.46978318353","3.98738638371","4.15845432883",
"Guinea-Bissau","GNB","GDP growth, constant 2010 USD","NYGDPMKTPKDZ","","","2.18890681471","-0.98517752499","0.56851017609","2.76140199048","4.27616429748","2.30975017578","3.20466877411","3.20491041065","3.31440771042","4.4320215683","9.02865578393","-2.23331771643","0.32869043312","2.54028642554","4.36656906265","4.91772192496","5.34002017564","5.33803406338",
"Guyana","GUY","GDP growth, constant 2010 USD","NYGDPMKTPKDZ","","","2.24999926221","1.05100077781","-1.00525524493","3.29392477797","-1.956911143","-5.34287889958","7.02031348482","1.97664704031","3.31862418115","4.37086939497","5.43712605338","4.81645892596","5.22162588154","3.89999999874","3.49999999872","3.80000001543","4.00000001228","4.00000001228",
"Haiti","HTI","GDP growth, constant 2010 USD","NYGDPMKTPKDZ","","","-1.04269731334","-0.26149823104","0.3624305984","-3.51133307722","1.79166097562","2.25299225534","3.34327901461","0.84394432929","3.08324768756","-5.49779233727","5.52374221112","2.88509316136","4.24793339266","2.74984735532","1.70072369555","2.51260683911","2.75695917688","3.04732705199",
"Honduras","HND","GDP growth, constant 2010 USD","NYGDPMKTPKDZ","","","2.72319327321","3.7543378612","4.54703805165","6.23230296069","6.05091726759","6.56700041314","6.18825425988","4.23186358347","-2.43187629281","3.73126947568","3.83556132786","4.12874723278","2.7914993804","3.08521533296","3.38850818558","3.37462060742","3.51641255739","3.63483858626",
"Hong Kong SAR, China","HKG","GDP growth, constant 2010 USD","NYGDPMKTPKDZ","","","0.56080276573","1.65665505985","3.05632830137","8.70009521248","7.38814313186","7.03258332311","6.46474870784","2.12786418562","-2.45911374959","6.76761055879","4.81467572426","1.7003026627","3.07217404086","2.50123909364","2.445","2.645","3.2","3.2",
"Hungary","HUN","GDP growth, constant 2010 USD","NYGDPMKTPKDZ","","","3.73511143212","4.49114713257","3.77834714879","4.78935306407","4.57561498646","3.8","0.4","0.8","-6.55103","0.7","1.80661","-1.7","1.9","3.7","2.8","2.5","2.7","3",
"Iceland","ISL","GDP growth, constant 2010 USD","NYGDPMKTPKDZ","","","3.7625170833","0.45358317243","2.74171031618","8.22032765216","5.96035802929","4.20646506778","9.49281070961","1.47878161489","-4.68117158237","-3.58866839368","1.9881208089","1.18284425957","3.89606016969","1.82666045122","4","3.2","2.9","2.8",
"India","IND","GDP growth, constant 2010 USD","NYGDPMKTPKDZ","","","4.94457333077","3.90730036955","7.94395626793","7.84899447753","9.28487261554","9.26410604419","9.80135352417","3.89090521723","8.47977285987","10.25996035428","6.63832479495","5.08140276109","6.89929747436","7.28618067938","7.3","7.8","7.9","7.9",
"Indonesia","IDN","GDP growth, constant 2010 USD","NYGDPMKTPKDZ","","","3.6434700834","4.49947388269","4.78036962895","5.03087171075","5.69257496945","5.50095099947","6.34502173162","7.44177315021","4.70176851705","6.37762568566","6.16978420771","6.03005065306","5.57921116783","5.02466495739","4.744","5.3","5.5","5.5",
"Iran, Islamic Rep.","IRN","GDP growth, constant 2010 USD","NYGDPMKTPKDZ","","","3.66967194835","7.51559815828","7.11468121679","5.08405151386","4.32336418036","6.211","6.36536","0.576","3.95","6.62945","3.75","-6.56466","-1.91584","4.343","1.9","5.8","6.7","6",
"Iraq","IRQ","GDP growth, constant 2010 USD","NYGDPMKTPKDZ","","","-6.60000286188","-7.79999122173","-41.30000718559","46.49997207475","-0.70000480457","6.20003786604","1.50000247607","9.49995608942","4.20000062379","5.53789025094","10.21408930662","12.61641717884","4.2","-0.5","0.5","3.1","7.1","6.5",
"Ireland","IRL","GDP growth, constant 2010 USD","NYGDPMKTPKDZ","","","5.87220018119","5.94557512005","3.85244703146","4.43562444689","6.35351667822","6.32345218478","5.5329416106","-2.21097309714","-5.65955737948","0.37785798837","2.58973748265","0.14835871098","1.4406794036","5.21601480416","3.8","3.4","3.1","2.5",
"Israel","ISR","GDP growth, constant 2010 USD","NYGDPMKTPKDZ","","","0.24157963887","-0.06827477779","1.177134261","5.11405171666","4.38991471831","5.80180836319","6.13507899641","3.0594070482","1.26866190441","5.5170229345","5.03018958374","2.8799142796","3.25118146999","2.55442305272","2.5","3","3.2","3.3",
"Italy","ITA","GDP growth, constant 2010 USD","NYGDPMKTPKDZ","","","1.61071999107","0.25089109924","0.2227922242","1.40708445839","1.12501371628","2.08344317108","1.35577016045","-1.0701790248","-5.50089148125","1.68172412373","0.70313766065","-2.81909385694","-1.70286998269","-0.35830519698","0.70011","1.4","1.4","1.3",
"Jamaica","JAM","GDP growth, constant 2010 USD","NYGDPMKTPKDZ","","","1.34492956397","2.24557348646","2.19625496722","2.14905621339","2.10384343532","2.0604938703","1.4000000025","-0.71406546315","-4.41122099221","-1.4800268966","1.70315008474","-0.57586680475","0.47164484016","0.68810267617","1.31864413396","2.05399695918","2.42891668852","2.6002931137",
"Japan","JPN","GDP growth, constant 2010 USD","NYGDPMKTPKDZ","","","0.354938551","0.28324024151","1.72300689471","2.31136157248","1.31060856086","1.67943271754","2.16700035102","-1.06973349192","-5.52018657371","4.74329088102","-0.41294544669","1.73745302315","1.57787809254","-0.14433756073","0.76564","1.32321","0.90231","1.30513",
"Jordan","JOR","GDP growth, constant 2010 USD","NYGDPMKTPKDZ","","","5.27137063965","5.79238550922","4.16375172841","8.56273739356","8.16378021947","8.0933311614","8.1757190223","7.23240848036","5.47658104974","2.33683030119","2.56080879893","2.65120334919","2.82921076907","3.09633027523","2.5","3.5","3.8","4",
"Kazakhstan","KAZ","GDP growth, constant 2010 USD","NYGDPMKTPKDZ","","","13.49999999844","9.80000000151","9.30000000018","9.59999999963","9.69999999923","10.7","8.89999999999","3.30000000021","1.19999999943","7.30000000016","7.50000000071","4.99999999927","6.00000000005","4.4","0.9","1.1","3.3","3.4",
"Kenya","KEN","GDP growth, constant 2010 USD","NYGDPMKTPKDZ","","","4.45671572432","0.55685443032","2.94506628211","5.10277605062","5.90005968092","6.3154336282","6.85072977063","0.23228274567","3.30693981535","8.4022770637","6.11161346041","4.55491243846","5.68723131322","5.3280577856","5.35697495998","5.67032317046","6.05268166476","6.13834767182",
"Kiribati","KIR","GDP growth, constant 2010 USD","NYGDPMKTPKDZ","","","-3.07370392436","6.19099879555","4.50165506423","0.91022005157","0.30003592369","1.89919713295","0.40727472044","-1.0985451018","-0.65325004022","1.8","1.8","1.8","1.8","1.8","1.8","1.8","1.8","1.8",
"Korea, Rep.","KOR","GDP growth, constant 2010 USD","NYGDPMKTPKDZ","","","4.52528239843","7.43245865654","2.93321790186","4.89985099013","3.92366695074","5.17615381827","5.46339639319","2.82921445738","0.70751848261","6.49678516889","3.68168886008","2.29240564357","2.89621238682","3.31014756531","2.545","3.5","3.7","3.7",
"Kosovo","KSV","GDP growth, constant 2010 USD","NYGDPMKTPKDZ","","","26.97391610857","-0.70095079464","5.42004473022","2.61212583286","3.84429009853","6","6.3","6.9","2.9","3.28273","4.36685","2.8","3.4","1.2","3.03","3.52","3.7","4",
"Kuwait","KWT","GDP growth, constant 2010 USD","NYGDPMKTPKDZ","","","0.72902646927","3","17.32","10.76219425179","10.07594933734","7.52024907533","5.99166131438","2.47984388641","-7.07610280669","-2.37060365189","9.628436082","6.62638808077","1.47903514874","1.299","1.2","2.4","2.7","2.7",
"Kyrgyz Republic","KGZ","GDP growth, constant 2010 USD","NYGDPMKTPKDZ","","","5.32158434717","-0.01735304189","7.03029603903","7.0268596863","-0.17554816641","3.10289869127","8.54287489612","8.40161595737","2.88629470048","-0.47156684751","5.95627437654","-0.08815019276","10.91546937958","3.60303614409","2","4.2","3.4","4.3",
"Lao, PDR","LAO","GDP growth, constant 2010 USD","NYGDPMKTPKDZ","","","5.751412882","5.91874907299","6.06699690507","6.35769548014","7.10756836918","8.61926620854","7.59682880056","7.82490276256","7.50177491267","8.52690551719","8.03865268079","8.02421103202","8.5184226124","7.45802021085","6.44029","7.01973","6.945","6.945",
"Latvia","LVA","GDP growth, constant 2010 USD","NYGDPMKTPKDZ","","","7.15246362636","7.19001977788","8.63020892472","8.91600739516","15.3977172083","11.62136117901","9.79343982441","-3.17542113867","-14.18589073024","-2.8737629453","4.99719258843","4.83485372759","4.22630299757","2.8","2.6","3","3.5","3.5",
"Lebanon","LBN","GDP growth, constant 2010 USD","NYGDPMKTPKDZ","","","3.95351612589","3.37387654804","3.23739038014","7.47880231667","2.74702747027","1.70091779729","9.34082103095","9.24933276516","10.05522366611","8.03782946893","0.91681342588","2.76309261065","3.01345231753","2","2","2.5","2.5","3",
"Lesotho","LSO","GDP growth, constant 2010 USD","NYGDPMKTPKDZ","","","4.22920333976","0.53237611737","4.6911544357","2.29177790725","2.70450014188","4.30744410676","4.7334640411","5.73347438885","3.38428305056","7.86708245897","4.04559353458","4.99485051575","4.60391288647","1.98341772949","2.61880431474","2.80730461471","4.48333098779","4.47429984672",
"Liberia","LBR","GDP growth, constant 2010 USD","NYGDPMKTPKDZ","","","2.91870748345","3.76277061676","-30.14522855613","2.6206103306","5.28198629223","8.04314291578","9.53491065434","7.14692640555","5.30010281829","6.09994604919","8.2","8.3","8.7","1","3.049","5.7","6.8","6.8",
"Libya","LBY","GDP growth, constant 2010 USD","NYGDPMKTPKDZ","","","-4.29998878944","-1.30000724436","12.99998688211","4.40002222247","9.89997749626","5.9000208861","5.99999727025","3.80000094425","2.09998980738","5","-62.1","104.5","-13.6801515859","-24","-5.2","35.7","27.6","8.4",
"Lithuania","LTU","GDP growth, constant 2010 USD","NYGDPMKTPKDZ","","","6.69960599761","6.83799951257","10.27588031654","7.36921580877","7.79421398359","7.40632783931","11.08690978427","2.62795537901","-14.81400187343","1.61893217977","6.11471610247","3.83832264795","3.25727620406","3","2","3.4","4.2","4",
"Luxembourg","LUX","GDP growth, constant 2010 USD","NYGDPMKTPKDZ","","","2.00009388276","3.27592223999","1.19015347595","4.92627468825","4.12420170536","4.88119470364","6.46317326723","0.48732503677","-5.33368058986","5.14467318091","2.6090304031","-0.16296669735","1.99020603726","5.58865430399","4.8","3.1","2.8","2.5",
"Macedonia, FYR","MKD","GDP growth, constant 2010 USD","NYGDPMKTPKDZ","","","-3.067245662","1.49402867857","2.22222222222","4.67442835718","4.72337752729","5.13702516154","6.47348685752","5.47171177433","-0.3586158417","3.35876011376","2.3398922839","-0.45618441209","2.66563722732","3.5","3.2","3.4","3.7","3.7",
"Madagascar","MDG","GDP growth, constant 2010 USD","NYGDPMKTPKDZ","","","6.01782440309","-12.67378813628","9.78489213133","5.25700360421","4.81050833306","5.02260700232","6.24057845116","7.12851320817","-4.01386216951","0.26311117977","1.4543915568","3.0275358651","2.41429757547","2.973185953","3.20462200986","3.3611301401","3.56738184138","3.55076147644",
"Malawi","MWI","GDP growth, constant 2010 USD","NYGDPMKTPKDZ","","","-4.97496384107","1.70000000669","5.49999999556","4.8516376826","2.83977823286","2.06200510232","9.49141840227","8.3389115095","9.03583526548","6.53336243656","4.34749519278","1.88579951462","5.19999998782","5.70000000184","2.77239045487","4.99663765557","5.78440507337","5.76104349246",
"Malaysia","MYS","GDP growth, constant 2010 USD","NYGDPMKTPKDZ","","","0.51747455607","5.390972857","5.78851421163","6.78356113949","5.33200528029","5.58491252264","6.29877185","4.83172995781","-1.51350446285","7.42487827908","5.29391284023","5.4734541923","4.71345371555","5.9927140255","4.72521","4.5","4.48457","5.03814",
"Maldives","MDV","GDP growth, constant 2010 USD","NYGDPMKTPKDZ","","","3.45457983988","6.1","14.2","12.5","-8.7","19.6","10.6","12.2","-3.6","7.1","6.5","1.3","4.2","5.9","4.4","3.1","4.2","4.5",
"Mali","MLI","GDP growth, constant 2010 USD","NYGDPMKTPKDZ","","","11.85529571179","4.30703208261","7.61600080551","2.25902215082","6.14551566816","5.25219025256","4.29818387558","4.97854553573","4.45742484732","5.819346216","2.73275598235","0.02372599361","1.69371515398","7.22423199628","5.03788994948","5.04844696458","4.97912184413","5.03811813078",
"Malta","MLT","GDP growth, constant 2010 USD","NYGDPMKTPKDZ","","","-1.54988858629","2.81158837139","0.13208747126","-0.50322454563","4.00115369436","2.22390640173","4.27922709791","3.9","-2.8","4.3","1.4","1.1","2.9","3.5028600555","3.4","3.5","2.9","2.5",
"Marshall Islands","MHL","GDP growth, constant 2010 USD","NYGDPMKTPKDZ","","","5.36338005629","2.61590267906","0.17006495877","-0.05541245888","2.62197580012","1.88257941341","3.04949095599","-1.93049065921","-1.33133902532","5.20221010362","5","5","5","5","5","5","5","5",
"Mauritania","MRT","GDP growth, constant 2010 USD","NYGDPMKTPKDZ","","","2.00879692463","0.66477196209","5.97872845916","5.74719338415","8.96942231819","18.86909932776","2.81783677386","1.07996717439","-1.04208170044","4.77369717041","4.38544119118","5.96902385313","5.46866849317","6.88210333292","3.20734921278","4.01021513493","4.03630238265","4.00877602735",
"Mauritius","MUS","GDP growth, constant 2010 USD","NYGDPMKTPKDZ","","","2.57357031309","2.11331327741","3.65685641657","5.74576749287","1.24138754656","3.94765304424","5.89803414479","5.52220251025","3.08617906631","4.11711594462","3.9070465119","3.26615313476","3.26441903389","3.6000000212","3.49614011293","3.66192300973","3.71170224645","3.74000251164",
"Mexico","MEX","GDP growth, constant 2010 USD","NYGDPMKTPKDZ","","","-0.60549239009","0.13191716864","1.4226712424","4.29571425122","3.03257365265","5.00138546753","3.14822582175","1.40028938563","-4.70033917796","5.11019933345","4.04461461882","4.00737061452","1.41392790977","2.25243202878","2.53830434978","2.81377349678","3.02994362442","3.18821314225",
"Micronesia, Fed. Sts.","FSM","GDP growth, constant 2010 USD","NYGDPMKTPKDZ","","","1.65284589981","0.50299323321","1.7539845362","-3.2420245724","2.09497858795","0.15354625812","-2.13603617799","-2.40190946074","0.66893649582","3.12503558496","1.4","1.4","1.4","1.4","1.4","1.4","1.4","1.4",
"Moldova, Rep.","MDA","GDP growth, constant 2010 USD","NYGDPMKTPKDZ","","","6.10000004243","7.80000010579","6.60000042604","7.41006248645","7.48716456511","4.79852197588","3.06794352669","7.7648464048","-5.9895798526","7.09407176187","6.41435073843","-0.70000035088","9.39680640947","4.6","-1.99388","0.5","3.95264","3.95264",
"Mongolia","MNG","GDP growth, constant 2010 USD","NYGDPMKTPKDZ","","","2.95271054317","4.73297846487","7.00463457631","10.62540595851","7.25366544057","8.55623480869","10.24801636004","8.90036794653","-1.26859894041","6.36516168494","17.29077735224","12.4","11.7","7.8239","2.3","0.8","3","6.4",
"Montenegro","MNE","GDP growth, constant 2010 USD","NYGDPMKTPKDZ","","","1.1","1.9","2.5","4.4","4.2","8.6","10.7","6.9","-5.7","2.46373","3.22828","-2.7","3.5","1.8","3.4","2.9","3","2.9",
"Morocco","MAR","GDP growth, constant 2010 USD","NYGDPMKTPKDZ","","","7.55195198867","3.31603591484","6.31696704889","4.80186641022","2.9785124103","7.75985215524","2.70577438284","5.58705608177","4.75834702492","3.64297476422","4.98564709328","2.66917","4.7253","2.4171","4.7","2.7","4","4",
"Mozambique","MOZ","GDP growth, constant 2010 USD","NYGDPMKTPKDZ","","","11.89892507659","8.81695837572","6.0237301116","8.77018140493","8.67266604267","6.32100438881","7.06201160082","6.30560706571","6.08480166309","6.76781203912","7.41909773051","7.07400060896","7.3120363545","7.37259966658","6.32293956684","6.50750473439","7.17212906204","7.23014788234",
"Myanmar","MMR","GDP growth, constant 2010 USD","NYGDPMKTPKDZ","","","11.34403449928","12.02551864432","13.8439950542","13.64190606925","13.56897077346","13.07610261936","11.9914390975","3.59860619498","5.1","5.3","5.9","7.3","8.5","8.5","6.5","7.8","8.5","8.5",
"Namibia","NAM","GDP growth, constant 2010 USD","NYGDPMKTPKDZ","","","1.1779488722","4.78866115464","4.23979435941","12.26954807891","2.5277949801","7.07317486067","6.61709547772","2.65001335031","0.29614383996","6.03889929327","5.09086076012","5.06428265573","5.68092092651","6.37158807261","5.04928690097","5.48145556754","5.85537937276","5.90493347561",
"Nepal","NPL","GDP growth, constant 2010 USD","NYGDPMKTPKDZ","","","4.79976264389","0.12026689739","3.94503776731","4.68260324535","2.95252301825","3.36461478807","3.41156027569","6.10463914232","4.53307872039","4.81641465022","3.42182824087","4.8","4.1","5.4","3.4","1.7","5.8","4.5",
"Netherlands","NLD","GDP growth, constant 2010 USD","NYGDPMKTPKDZ","","","2.12322718999","0.1035836045","0.37071705457","1.76717915213","2.24887996079","3.60724081185","3.69684954068","1.69840072894","-3.76658103564","1.31740314109","1.66467303046","-1.05768901107","-0.4123516487","1.01094931494","2","1.8","1.7","1.6",
"New Zealand","NZL","GDP growth, constant 2010 USD","NYGDPMKTPKDZ","","","2.15542335566","5.20182368431","4.61833510794","4.37458337301","2.81639542443","2.35434402817","3.71389867245","-0.83122609768","0.45781901134","2.0148729298","1.33505377229","2.87488395453","2.52480422905","2.99074590684","2.1","2.3","2.4","2.5",
"Nicaragua","NIC","GDP growth, constant 2010 USD","NYGDPMKTPKDZ","","","2.960843529","0.75393894096","2.5207329361","5.31217052021","4.28239830529","4.1520692303","5.23652927499","2.97759873828","-2.87498468874","3.19368280855","6.21912969508","5.1397716632","4.56379266811","4.73220693039","3.8732844434","4.23661721641","4.10908626997","3.98934420453",
"Niger","NER","GDP growth, constant 2010 USD","NYGDPMKTPKDZ","","","7.10434061207","2.99912203563","5.29999999831","0.10000000084","4.51075896946","5.80000000153","3.1465703956","9.58767320949","-0.71267117377","8.36923979849","2.31140021999","11.81366327512","4.58235529688","6.9007717476","4.40751108097","5.31114173619","9.27713637888","5.72023542876",
"Nigeria","NGA","GDP growth, constant 2010 USD","NYGDPMKTPKDZ","","","4.41106519566","3.78464818288","10.35418456451","33.73577502843","3.44466681095","8.21096485889","6.82839834798","6.27026369733","6.93441600393","7.83974005701","4.88738595626","4.27927680089","5.39441688852","6.30971845206","3.30512249757","4.6229757994","5.26297119357","5.28016872011",
"Norway","NOR","GDP growth, constant 2010 USD","NYGDPMKTPKDZ","","","2.02909408498","1.42321155673","0.99372021563","3.94968536743","2.74716865914","2.44626874848","2.86729119661","0.14838881969","-1.19745342196","0.35355593249","1.08910541367","2.51218365482","0.82668251456","2.18250707492","2.1","2.2","2.3","2.4",
"Oman","OMN","GDP growth, constant 2010 USD","NYGDPMKTPKDZ","","","4.48245409609","-1.10056525031","-2.66896944662","1.29211256441","2.49045835992","5.37206829916","4.4526943037","8.19969581343","6.11245376079","4.80285205654","-1.09102520889","7.08065789002","3.91278312612","2.8942055442","3.7","3.2","3","2.5",
"Pakistan","PAK","GDP growth, constant 2010 USD","NYGDPMKTPKDZ","","","1.98238383028","3.22444832624","4.84632295955","7.36795542408","7.66793046982","6.17753582453","4.83281727717","1.70140546545","2.8316585192","1.60669195949","2.74840254954","3.5070334201","4.36724945081","4.7383549442","5.5","5.5","5.4","5.4",
"Palau","PLW","GDP growth, constant 2010 USD","NYGDPMKTPKDZ","","","1.3","-3.5","-1.3","4.9","5.5","3","2.1","-4.9","-2.1","2","5.8","5.8","5.8","5.8","5.8","5.8","5.8","5.8",
"Panama","PAN","GDP growth, constant 2010 USD","NYGDPMKTPKDZ","","","0.57427292475","2.22888721778","4.20576335845","7.52208030995","7.19127907887","8.52776114552","12.11266105072","9.14690439781","3.97416489184","5.85187379277","10.77019499736","10.24710487897","8.35229411573","6.1617041566","5.9462653975","6.1923962492","6.40569921667","6.60153165369",
"Papua New Guinea","PNG","GDP growth, constant 2010 USD","NYGDPMKTPKDZ","","","-0.12128875756","-0.15890035785","2.16410212291","2.72117545871","3.59610421597","2.58450051472","7.2","6.7","6.1","7.7","10.7","8.1","5.5","8.5","8.7","3.3","4","3.8",
"Paraguay","PRY","GDP growth, constant 2010 USD","NYGDPMKTPKDZ","","","-0.8340579079","-0.02140197492","4.3207437489","4.05742532441","2.13348616671","4.80712026158","5.42162246303","6.35911701956","-3.96569588565","13.09300367632","4.34240708615","-1.23896850575","14.00652988681","4.73871834865","2.77284071479","3.61438726436","4.02794586552","4.20332527498",
"Peru","PER","GDP growth, constant 2010 USD","NYGDPMKTPKDZ","","","0.61783108724","5.45376460246","4.16485055922","4.95827830019","6.28517210717","7.5288168435","8.51844194709","9.14314820513","1.04923299223","8.45074606964","6.45221695718","5.95034639396","5.77343075621","2.35070678027","2.70395923456","3.29790845018","4.47287617532","4.58040695029",
"Philippines","PHL","GDP growth, constant 2010 USD","NYGDPMKTPKDZ","","","2.8939471586","3.64589143399","4.97040065824","6.69764441237","4.77764253057","5.2429228352","6.61670584698","4.15276531495","1.14832614456","7.63227643075","3.65973052894","6.68383359551","7.05525524925","6.13234304369","5.845","6.445","6.245","6.245",
"Poland","POL","GDP growth, constant 2010 USD","NYGDPMKTPKDZ","","","1.20530160032","1.44349919257","3.56253295823","5.13565577586","3.54705781551","6.2","7.15630885122","3.86643233743","2.62267343486","3.70981038747","4.76947535771","1.82094081942","1.71385991058","3.36996336996","3.5","3.7","3.85","3.85",
"Portugal","PRT","GDP growth, constant 2010 USD","NYGDPMKTPKDZ","","","1.94325197907","0.76876859912","-0.93418321016","1.81153354618","0.76687516176","1.55304806296","2.49194726982","0.19928720322","-2.97812861901","1.89873884945","-1.82680133389","-4.02828684422","-1.13024057463","0.90584251071","1.70212","1.60321","1.605","1.40543",
"Qatar","QAT","GDP growth, constant 2010 USD","NYGDPMKTPKDZ","","","3.89814748477","7.18252328645","3.71991947244","19.2185032837","7.4927280237","26.17039955278","17.98521658621","17.6630346762","11.95755126359","16.7315558556","12.96194659864","6.24342051513","6.3","6.2","6.6","6.8","5.9","5",
"Romania","ROM","GDP growth, constant 2010 USD","NYGDPMKTPKDZ","","","5.46562116658","5.14165718786","5.52755734271","8.2871307429","4.18125977661","8.05448192495","6.83979047115","8.59298871927","-7.09784186889","-0.83400953565","1.08698809881","0.4","3.5","2.77218","3.6","3.9","4.1","4",
"Russian Federation","RUS","GDP growth, constant 2010 USD","NYGDPMKTPKDZ","","","5.09114956109","4.79539568345","7.29561406399","7.17593303509","6.3764415209","8.15342482154","8.53503290475","5.24800669069","-7.82108152502","4.50371367146","4.26435157008","3.40539054171","1.34081027115","0.64058889063","-3.8","-0.7","1.3","1.5",
"Rwanda","RWA","GDP growth, constant 2010 USD","NYGDPMKTPKDZ","","","8.66895420222","13.51052988836","1.4513353789","6.94639038568","6.9120014139","9.23526953615","7.61285386381","11.16246000711","6.26798848737","7.31266927475","7.85193494111","8.78835153406","4.6845124283","6.96347031963","7.35497977308","7.57674050919","7.6136804657","7.61367968125",
"Samoa","WSM","GDP growth, constant 2010 USD","NYGDPMKTPKDZ","","","7.0915518897","4.40823578237","4.76386023138","4.79206024855","4.14572851482","1.98755301548","6.48564027957","-3.69621062961","-1.72350217443","-1.741","5.151","1.472","-1.14","1.964","2.207","-0.521","-0.093","-0.093",
"Saudi Arabia","SAU","GDP growth, constant 2010 USD","NYGDPMKTPKDZ","","","0.54764494367","0.12770303375","7.659270219","9.25420621308","7.25601751777","5.57674743459","5.99230970682","8.42716463859","1.82917609856","4.76188203501","9.95893280987","5.3844659497","2.66991139464","3.46770491322","2.8","2.4","2.9","2.9",
"Senegal","SEN","GDP growth, constant 2010 USD","NYGDPMKTPKDZ","","","4.58091641925","0.65480369235","6.68322813372","5.87077221388","5.63348060437","2.46157065566","4.9384841189","3.68252453928","2.42317540692","4.26624773226","2.06664559229","3.4529037509","3.49999968055","3.91732098804","4.99057442055","5.29161097929","5.25542753475","5.26045991579",
"Serbia","SRB","GDP growth, constant 2010 USD","NYGDPMKTPKDZ","","","5.3","4.12270586778","2.67453108235","9.3","5.4","3.6","5.4","3.8","-3.5","0.58448","1.40147","-1.01527","2.57174","-1.81279","0.751","1.75","2.2","3.5",
"Seychelles","SYC","GDP growth, constant 2010 USD","NYGDPMKTPKDZ","","","-2.27116276151","1.21283126716","-5.88712752754","-2.850453659","8.29507882887","9.40612730847","10.41767773308","-2.14051367638","-1.10718200834","5.94543177346","7.89470733581","6.03978617999","6.62253936032","2.76343945358","3.47554997437","3.72556045282","3.56546009145","3.56866730348",
"Sierra Leone","SLE","GDP growth, constant 2010 USD","NYGDPMKTPKDZ","","","-7.14031971478","26.26857660555","9.38238496666","6.4175366869","4.33248439494","5.52583310701","8.05832156395","5.39967674164","3.18680567262","5.34664456531","5.9612112315","15.20889188784","20.12359402318","6.98186577334","-20.00162215681","6.55698597381","5.28634595995","5.31997953036",
"Singapore","SGP","GDP growth, constant 2010 USD","NYGDPMKTPKDZ","","","-0.89260977786","4.14407523476","4.40996896784","9.5416328022","7.44988122286","8.91072591758","9.13530738687","1.89291598917","-0.73033384763","15.30164629275","6.21347418962","3.41266749562","4.4106343409","2.94076362923","2.345","3.145","3.245","3.245",
"Slovakia","SVK","GDP growth, constant 2010 USD","NYGDPMKTPKDZ","","","3.32335377222","4.71438138587","5.41142449833","5.24148805211","6.23982828126","8.5","10.8","5.7","-5.5","5.1","2.8","1.5","1.4","2.5","3.1","3.3","3.5","3.5",
"Slovenia","SVN","GDP growth, constant 2010 USD","NYGDPMKTPKDZ","","","2.94964518917","3.83620044095","2.84213456952","4.35168333366","4.33981890112","5.65601680576","6.94157234976","3.30028965308","-7.7973607982","1.23767076617","0.6493363198","-2.71816881259","-1.05786567501","3.04836206774","2.4","2.1","2","2",
"Solomon Islands","SLB","GDP growth, constant 2010 USD","NYGDPMKTPKDZ","","","-7.97856443243","-2.80000252181","6.50000183044","4.89837094605","5.42119323241","6.94664999831","7.3200012637","7.09449514277","-4.72787245739","6.89555683785","12.92847503374","4.66061185468","3.01438684631","1.50742629129","3.3","3","3.46739","3.4",
"South Africa","ZAF","GDP growth, constant 2010 USD","NYGDPMKTPKDZ","","","2.73549529086","3.66779687688","2.94907814589","4.55456992057","5.27711173498","5.60366478897","5.36046513962","3.19105164505","-1.53810086391","3.03977706277","3.21243606278","2.21987486452","2.21233230134","1.52484199678","1.32862678557","1.41303955799","1.56432717801","1.56597096686",
"South Sudan","SSD","GDP growth, constant 2010 USD","NYGDPMKTPKDZ","","","","","","","","","","","5.04213457428","5.49291790009","-4.63897040752","-46.1","13.1","3.4","-5.25","3.5","7","7",
"Spain","ESP","GDP growth, constant 2010 USD","NYGDPMKTPKDZ","","","4.00430468803","2.87998369235","3.18627239835","3.16980596496","3.7174679826","4.17719148704","3.76938451673","1.11651505843","-3.57549126759","0.01748785566","-0.61992397351","-2.09031890512","-1.22820011352","1.38911215605","3.10654","2.8","2.1","1.9",
"Sri Lanka","LKA","GDP growth, constant 2010 USD","NYGDPMKTPKDZ","","","-1.54537286551","3.96465649429","5.94026907704","5.44506127894","6.24174804402","7.66829189909","6.79682611965","5.95008814614","3.53891205288","8.01595940575","8.4","9.1","3.4","4.5","5.3","5.6","6","6",
"St. Lucia","LCA","GDP growth, constant 2010 USD","NYGDPMKTPKDZ","","","-2.86093024607","-1.38524713053","4.40977047263","7.80948142383","-1.44637474291","8.57725178067","1.07526397832","2.78470246099","-0.57728612879","-0.75558320366","1.14107080524","-0.78776801204","-1.9336321678","-0.69960048449","1.7","1.6","1.9","2.1",
"St. Vincent and the Grenadines","VCT","GDP growth, constant 2010 USD","NYGDPMKTPKDZ","","","1.66142204241","6.12743979733","7.34400763143","4.6092956674","3.02482716333","6.0069357205","3.02348648066","-0.47819037649","-1.99990810318","-2.34240300295","0.2427499321","1.29888388756","2.31332167905","-0.24440235851","2.1","2.7","3","3.4",
"Sudan","SDN","GDP growth, constant 2010 USD","NYGDPMKTPKDZ","","","6.5003604207","6.42727390137","7.73459171704","3.88330729113","7.48973819502","10.06430800172","11.52191017351","7.8019629895","3.24184773396","3.46933513113","-1.96772880973","-2.21470335631","3.3081861826","3.07955924971","3.48460014678","3.4496998426","3.87087976458","3.87088013345",
"Swaziland","SWZ","GDP growth, constant 2010 USD","NYGDPMKTPKDZ","","","1.15787782262","1.77720468689","2.2400940105","2.90668438634","2.45771767139","3.3025613741","3.50365185468","2.35758880349","1.26602932757","1.86646569794","-0.66230138117","1.92117781175","2.78646798821","2.4670689701","1.32575880127","0.77403370798","0.7741971341","0.77431892477",
"Sweden","SWE","GDP growth, constant 2010 USD","NYGDPMKTPKDZ","","","1.71121585863","2.08238526455","2.51986944906","3.80782523483","2.80841350093","4.93697892174","3.52255202565","-0.72044894708","-5.08276071926","5.69786550842","2.72810017241","0.03884747388","1.22608448882","2.44262645651","3.3","3","2.8","2.7",
"Switzerland","CHE","GDP growth, constant 2010 USD","NYGDPMKTPKDZ","","","1.4460091923","0.14787419844","0.08133270875","2.69162743266","3.07500671341","4.08691001141","4.15005993646","2.21980275898","-2.12208286349","2.88918628023","1.89110693841","1.09656471406","1.80450925359","1.86914490018","0.7","1.1","1.4","1.7",
"Taiwan, China","TWN","GDP growth, constant 2010 USD","NYGDPMKTPKDZ","","","-1.25991863135","5.57457110103","4.12059040933","6.50600533394","5.41586841664","5.62345960838","6.51692932548","0.7041451416","-1.56661213472","10.63100224678","3.80455193136","2.0637567949","2.23243169346","3.77115529448","1.1","2.4","3.4","3.4",
"Tajikistan","TJK","GDP growth, constant 2010 USD","NYGDPMKTPKDZ","","","10.20000148022","9.1","10.2","10.6","10.48548598886","-15.66274837898","21.71340116601","21.24564285789","3.9","6.50001","7.40001","7.50001","7.4","6.69998","4.20001","4.8","5.54671","5.54671",
"Tanzania, United Rep.","TZA","GDP growth, constant 2010 USD","NYGDPMKTPKDZ","","","5.99782885758","7.16355353648","6.88622653228","7.82829838096","8.17333583414","4.66033415317","8.46400064827","5.56966753829","5.38197516011","6.35954603452","7.9018815507","5.14058339916","7.26569456812","6.96292837315","7.1884307864","7.16225167198","7.10665550323","7.10646319242",
"Thailand","THA","GDP growth, constant 2010 USD","NYGDPMKTPKDZ","","","3.44424376569","6.14887981743","7.18932996486","6.28928854862","4.18783492373","4.96791682394","5.4350925699","1.72566790834","-0.7382797889","7.50671071488","0.83368244811","7.3229010427","2.8094036722","0.86566367876","2.5","2","2.4","2.7",
"Timor-Leste","TMP","GDP growth, constant 2010 USD","NYGDPMKTPKDZ","","","-12.42884250474","2.41964608162","0.10578279267","4.15639309616","6.22252282719","-3.14685314685","11.62454873646","14.63454075032","12.76625758217","9.46960220165","14.7","7.8","2.8","7","6.8","6.9","7","7",
"Togo","TGO","GDP growth, constant 2010 USD","NYGDPMKTPKDZ","","","-1.6268062716","-0.92215102155","4.9543976662","2.11906531641","-0.40907429428","4.0524125421","2.29045388913","2.22548023246","3.51029667523","3.99567919456","4.88376507496","5.91249161597","5.11762132417","5.70888803022","5.12549951204","4.89204898755","4.74577993865","4.74578020872",
"Tonga","TON","GDP growth, constant 2010 USD","NYGDPMKTPKDZ","","","3.60177671005","3.7361663774","2.59576938773","1.03138750162","-0.94987952549","0.1170540178","-0.95497517215","2.68710057606","-0.13457736294","-0.479212707","1.1591478446","1.1591478446","1.1591478446","1.1591478446","1.1591478446","1.1591478446","1.1591478446","1.1591478446",
"Trinidad and Tobago","TTO","GDP growth, constant 2010 USD","NYGDPMKTPKDZ","","","4.09464799773","8.01361208789","14.4335425602","7.90000001604","2.26073512123","13.74272494664","4.75435631447","3.39252731602","-3.51768367599","0.12604148211","-1.23282000998","2.01164108654","1.70861808584","0.9948864496","-0.01311606347","0.49209531237","1.22480441218","1.50302429506",
"Tunisia","TUN","GDP growth, constant 2010 USD","NYGDPMKTPKDZ","","","3.79617929674","1.3225595907","4.70240822421","6.23580147548","3.48653084494","5.24418831687","6.70962140959","4.23778154722","3.0434500926","3.51108198538","-1.91763","4.0938","2.8939","2.6958","0.5","2.5","3.3","4.5",
"Turkey","TUR","GDP growth, constant 2010 USD","NYGDPMKTPKDZ","","","-5.69747676165","6.16383976238","5.26526599324","9.36280742197","8.40161813776","6.89349128445","4.66857906289","0.65883804657","-4.82587839878","9.15694791358","8.77274932572","2.12745881785","4.19250975053","2.91413922314","4.18239217407","3.48385180901","3.51193980397","3.39577654637",
"Turkmenistan","TKM","GDP growth, constant 2010 USD","NYGDPMKTPKDZ","","","20.42654398004","15.8","17.1","17.2","13","11.4","11.8","14.7","6.1","9.2","14.7","11.1","10.2","10.3","8.5","8.9","8.9","8.9",
"Tuvalu","TUV","GDP growth, constant 2010 USD","NYGDPMKTPKDZ","","","13.17285299698","5.54001404331","-3.2","-1.31278910678","-4.0996864169","2.58845291974","5.46012217625","7.58123276013","-1.73333706233","-5","1","1","1","1","1","1","1","1",
"Uganda","UGA","GDP growth, constant 2010 USD","NYGDPMKTPKDZ","","","8.76060952003","7.06462212486","6.15515771526","5.80629617732","10","7.05537346904","8.06638736706","10.58956848478","7.91985762054","7.42360260863","7.85262374395","2.82306763285","3.59502485475","3.99263023628","5.00127759538","4.97157537784","5.75924507276","5.77892441336",
"Ukraine","UKR","GDP growth, constant 2010 USD","NYGDPMKTPKDZ","","","9.2","5.2","9.4","12.1","2.7","7.30000001238","7.90000076687","2.29999998569","-14.80000000977","4.20000001558","5.20000000927","0.19999999771","0","-6.80000816307","-12","1","2","2",
"United Arab Emirates","ARE","GDP growth, constant 2010 USD","NYGDPMKTPKDZ","","","1.39903810305","2.43345681395","8.80054081703","9.56643664256","4.8551411953","9.83727191146","3.18443513642","3.19183865658","-5.24293299776","1.63542017569","5.20783868799","6.89359562338","4.32136025505","4.57028972122","3","3.1","3.3","3.5",
"United Kingdom","GBR","GDP growth, constant 2010 USD","NYGDPMKTPKDZ","","","2.75796287922","2.49398667001","3.33666457602","2.48839141959","2.99642529664","2.6617593631","2.58609972169","-0.46687676721","-4.19194485482","1.54017664752","1.97239856404","1.17905612319","2.15990386815","2.94019445326","2.41321","2.4","2.2011","2.1",
"United States","USA","GDP growth, constant 2010 USD","NYGDPMKTPKDZ","","","0.97614573713","1.78754474776","2.80581614235","3.78566961292","3.34628090173","2.66537402349","1.77914026468","-0.29111592196","-2.77603587202","2.53211085527","1.60106602453","2.22427865731","1.48944622819","2.42758319751","2.4908","2.70231","2.40213","2.2054",
"Uruguay","URY","GDP growth, constant 2010 USD","NYGDPMKTPKDZ","","","-3.84412995714","-7.7320072195","0.80528391983","5.004160357","7.4601321802","4.09857736244","6.54151084771","7.17614466204","4.24349381846","7.80340890351","5.16213340141","3.32311412354","5.10036137226","3.29775372243","1.49512627855","1.88387805459","2.75080059213","3.02626308697",
"Uzbekistan","UZB","GDP growth, constant 2010 USD","NYGDPMKTPKDZ","","","4.19999927472","4.20002244745","4.39996192461","7.70003495108","6.99995692837","7.30004060089","9.49996054431","9.0000005907","8.10004806877","8.49995062016","8.30003146524","8.19998890752","8.00001734925","8.09996849242","7","7.5","7.7","7.7",
"Vanuatu","VUT","GDP growth, constant 2010 USD","NYGDPMKTPKDZ","","","-3.48850775872","-5.11121856867","4.2934311777","3.9847548313","5.30285230957","8.46292866865","5.17567678762","6.45047723361","3.30724286187","1.63269661722","1.20747585048","1.77058477712","1.9691460804","2.33043637636","3.19803","3.21301","3.21301","3.21301",
"Venezuela, RB","VEN","GDP growth, constant 2010 USD","NYGDPMKTPKDZ","","","3.39426478728","-8.85571177256","-7.75521926205","18.28641309073","10.31791045845","9.87219389729","8.753728128","5.27782463988","-3.2023879291","-1.48876702835","4.17649814722","5.62589419332","1.34312291122","-3.99924347606","-8.20225239736","-4.83223994497","-1.08279635915","-0.03220568216",
"Vietnam","VNM","GDP growth, constant 2010 USD","NYGDPMKTPKDZ","","","6.89484820772","7.08019603419","7.34090834322","7.78992857414","7.55001445377","6.97795481183","7.12950448396","5.66177120802","5.39789754277","6.42323821717","6.24030274888","5.24736715605","5.42188299131","5.98381189466","6.5","6.6","6.3","6",
"West Bank and Gaza","WBG","GDP growth, constant 2010 USD","NYGDPMKTPKDZ","","","-8.66065691998","-13.16380828937","14.75047690857","12.01681697096","8.63469115093","-5.21923483122","5.31554504521","7.06718418229","7.30694447187","9.23639249451","12.20303266697","5.86830782105","2.2","-0.4","2.9","3.9","3.7","3.7",
"Zambia","ZMB","GDP growth, constant 2010 USD","NYGDPMKTPKDZ","","","5.31686825958","4.50601457195","6.94497373088","7.03239525383","7.23559896768","7.90369440506","8.35243627631","7.77389581713","9.22034843152","10.29820583527","6.36565111172","6.76092789739","6.69315439071","5.63","3.48513311221","3.76460170424","5.39752024664","6.02905771171",
"Zimbabwe","ZWE","GDP growth, constant 2010 USD","NYGDPMKTPKDZ","","","1.43961507446","-8.89402341726","-16.99507452755","-5.80753830347","-5.71108364809","-3.4614950504","-3.6533270434","-17.6689467077","5.98439007422","11.37592088298","11.90540735818","10.56520414261","4.48409533604","3.16821103169","0.99740854788","2.81579083413","2.98872496394","2.98872703317",
